60d0fe4f5311236168a109ca, Sara, Andersen, female, 1996-04-30T19:26:49.610Z, sara.andersen@example.com, 92694011, 2021-06-21T21:02:07.374Z, 1996-04-30T19:26:49.610Z, Kongsvinger, Denmark, Nordjylland, 9614, SÃ¸ndermarksvej, -9:00
60d0fe4f5311236168a109cb, Edita, Vestering, female, 1956-04-15T00:10:35.555Z, edita.vestering@example.com, (019)-646-0430, 2021-06-21T21:02:07.533Z, 1956-04-15T00:10:35.555Z, Den Bommel, Netherlands, Gelderland, 1371, Dilledonk-Zuid, -5:00
60d0fe4f5311236168a109cc, Adina, Barbosa, female, 1952-09-03T13:27:29.424Z, edina.barbosa@example.com, (64) 5796-9260, 2021-06-21T21:02:07.719Z, 1952-09-03T13:27:29.424Z, Recife, Brazil, CearÃ¡, 8750, Rua Carlos Gomes, +1:00
60d0fe4f5311236168a109cd, Roberto, Vega, male, 1945-11-17T06:31:57.367Z, roberto.vega@example.com, 949-368-211, 2021-06-21T21:02:07.872Z, 1945-11-17T06:31:57.367Z, LogroÃ±o, Spain, Islas Baleares, 7675, Calle Mota, +6:00
60d0fe4f5311236168a109ce, Rudi, Droste, male, 1972-08-07T22:16:47.420Z, rudi.droste@example.com, 0421-7342787, 2021-06-21T21:02:08.029Z, 1972-08-07T22:16:47.420Z, GrÃ¼nhain-Beierfeld, Germany, Sachsen-Anhalt, 1196, MÃ¼hlenweg, +3:30
60d0fe4f5311236168a109cf, Carolina, Lima, female, 1994-03-04T03:04:53.673Z, carolina.lima@example.com, (79) 9932-2522, 2021-06-21T21:02:08.193Z, 1994-03-04T03:04:53.673Z, Boa Vista, Brazil, Rio Grande do Norte, 4162, Rua da Paz , -4:00
60d0fe4f5311236168a109d0, Emre, Asikoglu, male, 1964-12-08T16:34:53.710Z, emre.asikoglu@example.com, (886)-854-5524, 2021-06-21T21:02:08.346Z, 1964-12-08T16:34:53.710Z, KÃ¼tahya, Turkey, Manisa, 3682, Fatih Sultan Mehmet Cd, -9:00
60d0fe4f5311236168a109d1, Kent, Brewer, male, 1955-07-19T00:57:14.606Z, kent.brewer@example.com, 021-351-5186, 2021-06-21T21:02:08.506Z, 1955-07-19T00:57:14.606Z, Buncrana, Ireland, Roscommon, 4015, Station Road, +6:00
60d0fe4f5311236168a109d2, Evan, Carlson, male, 1964-09-26T20:40:33.623Z, evan.carlson@example.com, 0118501 366 9206, 2021-06-21T21:02:08.707Z, 1964-09-26T20:40:33.623Z, Southampton, United Kingdom, Devon, 2944, Kings Road, +3:00
60d0fe4f5311236168a109d3, Friedrich-Karl, Brand, male, 1984-11-07T01:44:23.697Z, friedrich-karl.brand@example.com, 0982-2127379, 2021-06-21T21:02:08.861Z, 1984-11-07T01:44:23.697Z, Naumburg, Germany, Sachsen, 7297, Erlenweg, -2:00
60d0fe4f5311236168a109d4, Valentin, Ortega, male, 1953-10-15T02:26:17.794Z, valentin.ortega@example.com, 993-465-335, 2021-06-21T21:02:09.050Z, 1953-10-15T02:26:17.794Z, Albacete, Spain, Islas Baleares, 2580, Calle de Ferraz, -3:30
60d0fe4f5311236168a109d5, Sibylle, Leibold, female, 1980-12-21T09:19:00.529Z, sibylle.leibold@example.com, 0221-3659630, 2021-06-21T21:02:09.202Z, 1980-12-21T09:19:00.529Z, Heimbach, Germany, Sachsen, 138, RosenstraÃŸe, -6:00
60d0fe4f5311236168a109d6, Elisa, Lorenzo, female, 1964-04-12T15:53:58.608Z, elisa.lorenzo@example.com, 991-948-802, 2021-06-21T21:02:09.357Z, 1964-04-12T15:53:58.608Z, Granada, Spain, Cantabria, 9038, Avenida de Burgos, -4:00
60d0fe4f5311236168a109d7, Leevi, Savela, male, 1980-12-19T12:11:14.893Z, leevi.savela@example.com, 02-200-101, 2021-06-21T21:02:09.541Z, 1980-12-19T12:11:14.893Z, Malax, Finland, Southern Ostrobothnia, 4013, HÃ¤meentie, +1:00
60d0fe4f5311236168a109d8, Karoline, Sviggum, female, 1970-01-04T08:27:48.279Z, karoline.sviggum@example.com, 73332504, 2021-06-21T21:02:09.697Z, 1970-01-04T08:27:48.279Z, SÃ¦tre, Norway, Finnmark - FinnmÃ¡rku, 4192, Finnhaugveien, 0:00
60d0fe4f5311236168a109d9, Nuria, Leon, female, 1972-07-12T20:39:35.212Z, nuria.leon@example.com, 944-895-312, 2021-06-21T21:02:09.870Z, 1972-07-12T20:39:35.212Z, Sevilla, Spain, Comunidad Valenciana, 230, Calle de Ãngel GarcÃ­a, +7:00
60d0fe4f5311236168a109da, Lance, Foster, male, 1971-08-29T22:05:26.775Z, lance.foster@example.com, 0101 451 3221, 2021-06-21T21:02:10.075Z, 1971-08-29T22:05:26.775Z, Chichester, United Kingdom, Cornwall, 2334, Church Street, -3:00
60d0fe4f5311236168a109db, Naomi, Rodrigues, female, 1973-06-13T23:33:31.385Z, naomi.rodrigues@example.com, (40) 6623-4814, 2021-06-21T21:02:10.280Z, 1973-06-13T23:33:31.385Z, Garanhuns, Brazil, Roraima, 9134, Rua Castro Alves , +9:00
60d0fe4f5311236168a109dc, Evan, Roux, male, 1988-06-25T04:31:51.701Z, evan.roux@example.com, 02-28-80-43-91, 2021-06-21T21:02:10.491Z, 1988-06-25T04:31:51.701Z, BesanÃ§on, France, Seine-et-Marne, 892, Grande Rue, +9:00
60d0fe4f5311236168a109dd, Miguel, Lima, male, 1979-07-05T22:21:32.623Z, miguel.lima@example.com, (33) 1399-0495, 2021-06-21T21:02:10.647Z, 1979-07-05T22:21:32.623Z, Cascavel, Brazil, AmapÃ¡, 9637, Rua Rio de Janeiro , +4:00
60d0fe4f5311236168a109de, Bessie, Burke, female, 1953-07-29T09:05:23.955Z, bessie.burke@example.com, 01-4715-0408, 2021-06-21T21:02:10.801Z, 1953-07-29T09:05:23.955Z, Sydney, Australia, New South Wales, 6507, Groveland Terrace, -2:00
60d0fe4f5311236168a109df, Anaelle, Dumas, female, 1982-05-31T19:23:30.931Z, anaelle.dumas@example.com, 01-01-80-11-67, 2021-06-21T21:02:10.953Z, 1982-05-31T19:23:30.931Z, Pau, France, Moselle, 3970, Boulevard de la DuchÃ¨re, -9:00
60d0fe4f5311236168a109e0, Milly, Norman, female, 1975-08-25T06:11:36.092Z, milly.norman@example.com, 60372975, 2021-06-21T21:02:11.106Z, 1975-08-25T06:11:36.092Z, PrestegÃ¥rdshagen, Norway, Sogn og Fjordane, 280, Nordsetergrenda, -3:00
60d0fe4f5311236168a109e1, James, Black, male, 1965-08-18T22:58:36.318Z, james.black@example.com, 09-9856-3784, 2021-06-21T21:02:11.263Z, 1965-08-18T22:58:36.318Z, Bowral, Australia, Tasmania, 5147, Thornridge Cir, +1:00
60d0fe4f5311236168a109e2, Heinz-Georg, Fiedler, male, 1974-03-12T21:15:08.878Z, heinz-georg.fiedler@example.com, 0700-3090279, 2021-06-21T21:02:11.417Z, 1974-03-12T21:15:08.878Z, Fellbach, Germany, Rheinland-Pfalz, 4118, SchulstraÃŸe, -7:00
60d0fe4f5311236168a109e3, Vetle, Aasland, male, 1949-09-09T06:22:16.422Z, vetle.aasland@example.com, 81142945, 2021-06-21T21:02:11.609Z, 1949-09-09T06:22:16.422Z, Kaland, Norway, Vest-Agder, 906, Risstubben, 0:00
60d0fe4f5311236168a109e4, Pwry, Shylyrd, male, 1952-09-02T23:52:42.504Z, pwry.shylyrd@example.com, 053-79829918, 2021-06-21T21:02:11.770Z, 1952-09-02T23:52:42.504Z, Ù¾Ø§Ú©Ø¯Ø´Øª, Iran, Ø¢Ø°Ø±Ø¨Ø§ÛŒØ¬Ø§Ù† Ø´Ø±Ù‚ÛŒ, 324, Ù…ÛŒØ¯Ø§Ù† Ø´Ù‡ÛŒØ¯Ø§Ù† Ø±Ø­ÛŒÙ…ÛŒ, +1:00
60d0fe4f5311236168a109e5, Adrian, Rodriguez, male, 1955-10-22T02:54:44.217Z, adrian.rodriguez@example.com, 08-3049-4902, 2021-06-21T21:02:11.926Z, 1955-10-22T02:54:44.217Z, Maitland, Australia, Victoria, 8062, Photinia Ave, -9:00
60d0fe4f5311236168a109e6, Milla, Pollari, female, 1993-03-07T15:42:40.183Z, milla.pollari@example.com, 09-276-350, 2021-06-21T21:02:12.110Z, 1993-03-07T15:42:40.183Z, Kannonkoski, Finland, Pirkanmaa, 3914, Hermiankatu, +11:00
60d0fe4f5311236168a109e7, Joey, Oliver, male, 1990-02-18T09:52:06.627Z, joey.oliver@example.com, 015242 92081, 2021-06-21T21:02:12.327Z, 1990-02-18T09:52:06.627Z, Liverpool, United Kingdom, Fife, 965, St. Johnâ€™S Road, -11:00
60d0fe4f5311236168a109e8, Cecilie, Mortensen, female, 1981-03-25T21:08:23.861Z, cecilie.mortensen@example.com, 86479089, 2021-06-21T21:02:12.531Z, 1981-03-25T21:08:23.861Z, Sundby, Denmark, Syddanmark, 2563, TranebÃ¦rvej, -8:00
60d0fe4f5311236168a109e9, Alfredo, Omahony, male, 1986-08-30T10:34:23.714Z, alfredo.omahony@example.com, 071-658-1372, 2021-06-21T21:02:12.737Z, 1986-08-30T10:34:23.714Z, Portlaoise, Ireland, Louth, 3318, Dame Street, -11:00
60d0fe4f5311236168a109ea, Mhrs, Hsyny, female, 1959-11-05T08:33:26.306Z, mhrs.hsyny@example.com, 022-88890337, 2021-06-21T21:02:12.941Z, 1959-11-05T08:33:26.306Z, Ø¨Ø±ÙˆØ¬Ø±Ø¯, Iran, Ø¢Ø°Ø±Ø¨Ø§ÛŒØ¬Ø§Ù† Ø´Ø±Ù‚ÛŒ, 9007, Ø®Ø§ÙˆØ±Ø§Ù†, -3:30
60d0fe4f5311236168a109eb, Nella, Koivisto, female, 1993-06-22T23:43:36.117Z, nella.koivisto@example.com, 08-493-479, 2021-06-21T21:02:13.122Z, 1993-06-22T23:43:36.117Z, Kuusamo, Finland, Northern Ostrobothnia, 6774, Satakennankatu, -4:00
60d0fe4f5311236168a109ec, Lucas, Larsen, male, 1987-04-04T15:06:47.176Z, lucas.larsen@example.com, 54946998, 2021-06-21T21:02:13.276Z, 1987-04-04T15:06:47.176Z, St.MerlÃ¸se, Denmark, Syddanmark, 4187, Nattergalevej, -3:00
60d0fe4f5311236168a109ed, Kayla, Bredesen, female, 1958-08-20T08:43:07.057Z, kayla.bredesen@example.com, 80844280, 2021-06-21T21:02:13.446Z, 1958-08-20T08:43:07.057Z, Vingrom, Norway, Finnmark - FinnmÃ¡rku, 5225, Hansemyrveien, +11:00
60d0fe4f5311236168a109ee, Beatriz, Gutierrez, female, 1949-02-02T04:02:25.980Z, beatriz.gutierrez@example.com, 946-485-827, 2021-06-21T21:02:13.638Z, 1949-02-02T04:02:25.980Z, TorrejÃ³n de Ardoz, Spain, Comunidad de Madrid, 7241, Calle de Arturo Soria, -3:00
60d0fe4f5311236168a109ef, Melanie, Pilz, female, 1951-01-26T06:05:28.427Z, melanie.pilz@example.com, 0704-9599710, 2021-06-21T21:02:13.790Z, 1951-01-26T06:05:28.427Z, AngermÃ¼nde, Germany, Bremen, 3115, Am Bahnhof, -10:00
60d0fe4f5311236168a109f0, Wouter-Jan, Wijnker, male, 1953-11-04T12:17:50.383Z, wouter-jan.wijnker@example.com, (825)-445-7283, 2021-06-21T21:02:13.964Z, 1953-11-04T12:17:50.383Z, Graft, Netherlands, Limburg, 7503, Broenenbergweg, +11:00
60d0fe4f5311236168a109f2, Albert, Diez, male, 1962-12-01T18:15:19.055Z, albert.diez@example.com, 940-877-554, 2021-06-21T21:02:14.289Z, 1962-12-01T18:15:19.055Z, Pozuelo de AlarcÃ³n, Spain, Melilla, 1866, Calle del Pez, +4:00
60d0fe4f5311236168a109f3, Donald, Hopkins, male, 1976-10-02T17:55:48.463Z, donald.hopkins@example.com, 01587 81675, 2021-06-21T21:02:14.440Z, 1976-10-02T17:55:48.463Z, Exeter, United Kingdom, Gloucestershire, 1134, The Drive, -8:00
60d0fe4f5311236168a109f4, Benjamin, Holland, male, 1957-12-06T20:16:54.313Z, benjamin.holland@example.com, (185)-414-9013, 2021-06-21T21:02:14.594Z, 1957-12-06T20:16:54.313Z, Rancho Cucamonga, United States, New Jersey, 9785, Bruce St, +3:00
60d0fe4f5311236168a109f5, Charlotte, Legrand, female, 1965-04-16T01:07:53.814Z, charlotte.legrand@example.com, 04-76-29-33-42, 2021-06-21T21:02:14.787Z, 1965-04-16T01:07:53.814Z, OrlÃ©ans, France, Loire, 9613, Rue Dumenge, -11:00
60d0fe4f5311236168a109f6, Madison, Ambrose, female, 1947-04-14T14:44:52.955Z, madison.ambrose@example.com, 756-040-5467, 2021-06-21T21:02:14.988Z, 1947-04-14T14:44:52.955Z, Cornwall, Canada, British Columbia, 4122, Stanley Way, +6:00
60d0fe4f5311236168a109f7, Jolanda, Lacroix, female, 1979-11-25T21:56:06.020Z, jolanda.lacroix@example.com, 077 774 36 67, 2021-06-21T21:02:15.194Z, 1979-11-25T21:56:06.020Z, Valsot, Switzerland, Basel-Landschaft, 2881, Rue des Ecrivains, -10:00
60d0fe4f5311236168a109f8, Signe, Madsen, female, 1976-12-29T06:23:56.452Z, signe.madsen@example.com, 08830603, 2021-06-21T21:02:15.399Z, 1976-12-29T06:23:56.452Z, Roslev, Denmark, Hovedstaden, 658, Ã…kandevej, -12:00
60d0fe4f5311236168a109f9, Marius, Larsen, male, 1978-02-13T03:05:10.004Z, marius.larsen@example.com, 47372721, 2021-06-21T21:02:15.551Z, 1978-02-13T03:05:10.004Z, Hammel, Denmark, Midtjylland, 4476, FasanvÃ¦nget, 0:00
60d0fe4f5311236168a109fa, Ann, Mason, female, 1959-09-26T07:05:56.725Z, ann.mason@example.com, (385)-245-2517, 2021-06-21T21:02:15.705Z, 1959-09-26T07:05:56.725Z, Orange, United States, Wyoming, 2698, Paddock Way, +3:00
60d0fe4f5311236168a109fb, Sohan, Pierre, male, 1957-08-06T17:06:45.433Z, sohan.pierre@example.com, 01-48-91-17-38, 2021-06-21T21:02:15.860Z, 1957-08-06T17:06:45.433Z, NÃ®mes, France, Essonne, 8234, Avenue de la LibÃ©ration, +9:30
60d0fe4f5311236168a109fc, Gonzaga, Ribeiro, male, 1958-01-25T13:47:27.907Z, gonzaga.ribeiro@example.com, (74) 9172-2230, 2021-06-21T21:02:16.014Z, 1958-01-25T13:47:27.907Z, Juazeiro, Brazil, Mato Grosso, 7705, Rua Mato Grosso , -6:00
